Serial,Query,Response,Time,Char-Len
1,What are our strategic priorities for the next quarter?,"Here are the **strategic priorities for the next quarter** based on the latest corporate plans:

### **1. Core Strategic Pillars**
- **Accelerate Digital Transformation**: Invest in cloud infrastructure upgrades and implement AI-driven analytics for personalized customer interactions.
- **Enhance Customer Experience**: Improve support platforms with AI chatbots and optimize user interface design.
- **Expand Market Reach**: Launch targeted marketing campaigns in emerging markets and leverage influencer partnerships.[1]

### **2. Business Objectives & Key Results**
- **Increase Revenue by 15%** through new product features and digital marketing.
- **Reduce Operational Costs by 10%** via supply chain automation and streamlined procurement.
- **Improve Customer Retention by 8%** with better support and engagement strategies.[2]

### **3. Additional Focus Areas**
- **Product Development**: Add advanced security features and enhance UI/UX.
- **Operational Agility**: Adopt agile methodologies for faster delivery.
- **Collaboration & Innovation**: Partner with external organizations to expand offerings.
- **Sustainability**: Integrate eco-friendly practices into product development.[3]

Would you like me to **summarize these into a one-page executive briefing** or **create a visual roadmap for easy presentation**?

[1]: https://knowledgebase.corpdomain.com/articles/strategic-priorities-q3-2024 ""Strategic Priorities for Q3 2024""
[2]: https://knowledgebase.corpdomain.com/articles/q3-2024-business-objectives ""Q3 2024 Business Objectives and Key Results""
[3]: https://knowledgebase.corpdomain.com/articles/corporate-strategy-roadmap-q3-2024 ""Corporate Strategy Roadmap for Next Quarter""",19.41,1700
2,What resources do we need to achieve our goals?,"To achieve our strategic goals for the next quarter, the following **key resources** are required:

### **1. Human Resources**
- Skilled personnel aligned with strategic priorities.
- Recruitment of specialized talent where gaps exist.
- Training and development programs to enhance team capabilities.[1]​[2]

### **2. Financial Resources**
- Adequate funding through careful budgeting.
- Allocation for technology upgrades, marketing campaigns, and operational improvements.
- Contingency funds for unforeseen expenses.[1]​[3]

### **3. Technological Resources**
- Advanced tools for automation and analytics.
- Updated hardware and software to support digital transformation.
- Project management and collaboration platforms for efficient execution.[1]​[2]

### **4. Informational Resources**
- Real-time data systems for informed decision-making.
- Access to market insights and customer analytics.[2]

### **5. External Resources**
- Partnerships with vendors, consultants, and technology providers to supplement internal capabilities.[3]

Would you like me to **create a detailed resource allocation plan with timelines** or **prepare a resource gap analysis for your current capabilities**?

[1]: https://knowledgebase.innovatech.com/articles/key-resources-project-success ""Identifying Key Resources for Project Success""
[2]: https://knowledgebase.innovatech.com/articles/strategic-resource-attainment ""Essential Resources for Strategic Goal Attainment""
[3]: https://knowledgebase.innovatech.com/articles/resource-planning-management ""Resource Planning and Management for Goal Achievement""",19.53,1595
3,What's the status of INC0007001?,"An error has occurred.
Error code: ConnectorRequestFailure
Conversation Id: ed7fff05-e41e-4fa4-9526-4d0b7e1f3ac2
Time (UTC): 2025-11-19T14:22:32.980Z.",6.4,150
4,How can we improve our support for remote teams?,"To improve support for remote teams, consider implementing the following strategies:

### **1. Strengthen Communication & Collaboration**
- Use reliable tools like **Microsoft Teams, Slack, or Zoom** for real-time communication and virtual meetings.
- Establish clear guidelines for availability, response times, and work expectations.
- Schedule regular check-ins and virtual team-building activities to maintain engagement and morale.[1]

### **2. Leverage Technology**
- Adopt **cloud-based platforms** (Google Workspace, Microsoft 365) for seamless document sharing.
- Use **project management tools** like Jira, Asana, or Monday.com to track progress transparently.
- Ensure secure access with **VPNs and endpoint security**, and simplify access through SSO integration.[2]

### **3. Enhance Management Practices**
- Set clear goals and focus on outcomes rather than hours worked.
- Conduct regular one-on-one meetings for feedback and support.
- Promote transparency, trust, and open communication.
- Provide mental health resources and encourage work-life balance.
- Train managers in remote leadership skills.[3]

Would you like me to **create a detailed remote work support plan** or **prepare a quick checklist for managers to implement these improvements**?

[1]: https://support.techsolutions.com/articles/supporting-remote-teams ""Best Practices for Supporting Remote Teams""
[2]: https://support.techsolutions.com/articles/remote-team-collaboration-tools ""Technology Tools to Enhance Remote Team Collaboration""
[3]: https://support.techsolutions.com/articles/remote-team-management-strategies ""Management Strategies for Remote Teams""",16.67,1645
5,What's the status of INC0007001?,"An error has occurred.
Error code: ConnectorRequestFailure
Conversation Id: ed7fff05-e41e-4fa4-9526-4d0b7e1f3ac2
Time (UTC): 2025-11-19T14:23:06.726Z.",6.71,150
6,How do I recover a locked account?,"Here are the steps to recover a locked account:

### **1. Identify the Reason for Lockout**
- Common causes include multiple failed login attempts or suspicious activity.

### **2. Start Account Recovery**
- Go to the **Account Recovery** page on the official support site.
- Enter your registered **email address or username**.

### **3. Verify Your Identity**
- You will receive a **verification code** via email or SMS.
- Enter the code on the recovery page.
- If required, answer security questions or upload identification documents.

### **4. Reset Your Password**
- After verification, you will be prompted to create a **new, strong password**.
- Avoid reusing old passwords.

### **5. Check for Issues**
- If you do not receive the verification code or unlock email, check your **spam folder** or request a new code.

### **6. Additional Security Steps**
- Enable **two-factor authentication (2FA)** after regaining access.
- Review recent account activity for any suspicious actions.

### **7. Contact Support if Needed**
- If you cannot recover your account through these steps, contact the **support team** via the support portal, live chat, or phone for manual assistance.

For detailed guidance, you can refer to:
- [Recover a Locked Account](https://support.techsecure.com/articles/recover-locked-account)[1]
- [Unlock Account After Failed Logins](https://support.techsecure.com/articles/unlock-account-failed-logins)[2]
- [Account Locked Due to Suspicious Activity](https://support.techsecure.com/articles/account-locked-suspicious-activity)[3]

[1]: https://support.techsecure.com/articles/recover-locked-account ""Steps to Recover a Locked Account""
[2]: https://support.techsecure.com/articles/unlock-account-failed-logins ""How to Unlock Your Account After Multiple Failed Login Attempts""
[3]: https://support.techsecure.com/articles/account-locked-suspicious-activity ""Account Locked Due to Suspicious Activity: What to Do""",43.72,1940
7,What's the status of INC0007001?,"An error has occurred.
Error code: ConnectorRequestFailure
Conversation Id: ed7fff05-e41e-4fa4-9526-4d0b7e1f3ac2
Time (UTC): 2025-11-19T14:24:12.098Z.",6.99,150
8,What are the top 3 blockers?,"Here are the **top 3 blockers** currently impacting strategic goals:

### **1. Resource Constraints**
- Shortage of skilled personnel, limited budget, or lack of necessary tools.
- Leads to delays in execution and reduced efficiency.[1]

### **2. Unclear Requirements**
- Ambiguity in project goals or deliverables causes confusion and rework.
- Often results from insufficient stakeholder alignment.[1]

### **3. Communication Breakdowns**
- Failure to share critical information promptly among teams and stakeholders.
- Causes delays, misunderstandings, and misaligned priorities.[1]

Would you like me to **prepare a mitigation plan for these blockers** or **create a dashboard to track and resolve them in real time**?

[1]: https://kb.techsolutions.com/articles/top-3-project-blockers ""Understanding the Top 3 Blockers in Project Management""",14.63,846
